"","city","lon","lat"
"1","",NA,NA
"2","29 PALMS",-116.0541689,34.1355582
"3","ACAMPO",-121.2785588,38.1746398
"4","ACTON",-0.2745505,51.5084214
"5","ADELANTO",-117.409215,34.5827699
"6","ADIN",-120.9442135,41.1941359
"7","AGOUR",12.8833333,18.7666667
"8","AGOURA",-118.7378669,34.1430611
"9","AGOURA HILLS",-118.7616764,34.1533395
"10","AGUA DULCE",-118.3256348,34.4963817
"11","AGUANGA",-116.8651224,33.442702
"12","AHWAHNEE",-119.726218,37.3651749
"13","ALAHAMBRA",-118.1270146,34.095287
"14","ALAMEDA",-4.6573055,37.2079057
"15","ALAMO",-99.5549486,24.8600906
"16","ALBANY",-73.7562317,42.6525793
"17","ALBION",-84.7530304,42.243097
"18","ALDERPOINT",-123.6122022,40.1763525
"19","ALHAMBRA",-118.1270146,34.095287
"20","ALISO VIEJO",-117.7256083,33.5676842
"21","ALISO VIEJP",-117.7256083,33.5676842
"22","ALMO",-82.4623557,31.5393701
"23","ALPINE",-116.7664109,32.8350521
"24","ALTA",23.2715496,69.9687376
"25","ALTADENA",-118.1313188,34.190162
"26","ALTA LOMA",-117.5981086,34.1222317
"27","ALTAVILLE",-120.5616644,38.0843035
"28","ALTURAS",-120.5424555,41.4871146
"29","ALVISO",-121.9761384,37.4261669
"30","AMADOR CITY",-120.824103,38.4193553
"31","AMERICAN CANYON",-122.2608044,38.1749178
"32","AMERICAN CYN",-122.2608044,38.1749178
"33","ANAHEIM",-117.9145036,33.8352932
"34","ANAHEIM HILLS",-117.7490656,33.8508021
"35","ANDERSON",-82.6501332,34.5034394
"36","ANGELS CAMP",-120.5385299,38.0677832
"37","ANGELUS OAKS",-116.9825321,34.1458435
"38","ANGWIN",-122.4499796,38.5757402
"39","ANNAPOLIS",-76.4921829,38.9784453
"40","ANTELOPE",-121.3644216,38.7166871
"41","ANTIOCH",-121.805789,38.0049214
"42","ANZA",-116.6741822,33.5552692
"43","APPLE BALLEY",-117.1858759,34.5008311
"44","APPLEGATE",-89.5752426,36.8832973
"45","APPLE VALLEY",-117.1858759,34.5008311
"46","APTOS",-121.8994016,36.9771729
"47","ARBORSIDE",-117.8233189,33.6240308
"48","ARBUCKLE",-122.0577477,39.0173963
"49","ARCADIA",22.3337769,37.5557825
"50","ARCATA",-124.0828396,40.8665166
"51","ARLETA",-118.4338345,34.2504595
"52","ARNOLD",-90.3776187,38.4328317
"53","AROMAS",5.48243,46.2929389
"54","ARROYO GRANDE",-120.5907252,35.1185868
"55","ARTESIA",-118.0831212,33.8658484
"56","ARTOIS",-122.1938726,39.6196036
"57","ARVIN",-118.833105,35.2017986
"58","ATASCADERO",-120.6707255,35.4894169
"59","ATHERTON",-122.197743,37.4613272
"60","ATWATER",-120.609084,37.3477174
"61","AUBERRY",-119.4854113,37.0807823
"62","AUBURN",-85.4807825,32.6098566
"63","AVALON",-97.2654265,37.6919693
"64","AVENAL",-120.1290272,36.0041223
"65","AVILA BEACH",-120.7319127,35.1800113
"66","AZUSA",-117.9075627,34.1336186
"67","BAKERSFIEKD",-119.0187125,35.3732921
"68","BAKERSFIELD",-119.0187125,35.3732921
"69","BALBOA ISLAND",-117.897071,33.6072954
"70","BALDWIN PARK",-117.9608978,34.0852868
"71","BALLARD",-122.3860312,47.6792172
"72","BALLICO",-120.7018349,37.4522617
"73","BANGLAMUNG",100.9146091,12.9433919
"74","BANGOR",-68.7778138,44.8011821
"75","BANNING",-116.8764103,33.9255713
"76","BANTA",5.7499054,52.7668017
"77","BARD",-114.5560618,32.7892117
"78","BARSTOW",-117.0172826,34.8957957
"79","BASS LAKE",-119.5499192,37.3128036
"80","BAY POINT",-75.2300593,39.3096511
"81","BAYSIDE",-73.7654367,40.7585569
"82","BEALE AFB",-121.3598812,39.111504
"83","BEAR VALLEY",-118.5936359,35.1550253
"84","BEAUMONT",-94.1265562,30.080174
"85","BELAIR",-0.453831,43.165631
"86","BEL AIR",-1.713423,46.7939271
"87","BELL",-97.5247243,31.134411
"88","BELLA VISTA",-104.3940074,36.9204245
"89","BELL CANYON",-118.6901774,34.2058492
"90","BELLFLOWER",-118.1170117,33.8816818
"91","BELL GARDENS",-118.1514588,33.9652918
"92","BELMONT",-122.2758008,37.5202145
"93","BELMONT SHORE",-118.1371377,33.7569251
"94","BEL TIBURON",-122.4566392,37.8735377
"95","BELVEDERE",0.14827,51.485165
"96","BELVEDERE TIBURON",-122.4566392,37.8735377
"97","BENICIA",-122.1585777,38.049365
"98","BENLOMOND",-122.0863528,37.0891143
"99","BEN LOMOND",-122.0863528,37.0891143
"100","BENTON",-92.586828,34.5645371
"101","BEREKELEY",-122.272747,37.8715926
"102","BERKELEY",-122.272747,37.8715926
"103","BERMUDA DUNES",-116.2891752,33.7427991
"104","BERRY CREEK",-121.4032995,39.6451637
"105","BETHEL ISLAND",-121.6405085,38.0149216
"106","BEVERLY HILL",-96.1201971,30.9114635
"107","BEVERLY HILLS",-118.4003563,34.0736204
"108","BIEBER",-121.1441396,41.1212775
"109","BIG BAR",-123.2513522,40.7400047
"110","BIG BEAR CITY",-116.84503,34.2611183
"111","BIG BEAR LAKE",-116.9114215,34.2438963
"112","BIG BEND",-88.2067573,42.8814034
"113","BIG BER LAKE",-116.9114215,34.2438963
"114","BIGGS",-121.7127513,39.4123876
"115","BIG OAK FLAT",-120.2582456,37.8235391
"116","BIG OAK VALLEY",-121.2909846,39.2010184
"117","BIG PINE",-118.289546,37.1649307
"118","BIG SUR",-121.807976,36.2704212
"119","BISHOP",-118.3996636,37.3614238
"120","BLAIRSDEN",-120.6166077,39.7810095
"121","BLAIRSDEN GRAEAGLE",-120.6195877,39.7719258
"122","BLAIRSDEN-GRAEAGLE",-120.6195877,39.7719258
"123","BLOOMINGTON",-86.5263857,39.165325
"124","BLUE JAY",-117.2076443,34.2474498
"125","BLUE LAKE",-123.9839488,40.8829072
"126","BLYTHE",-114.5882607,33.6177725
"127","BODEGA",-122.9738878,38.345194
"128","BODEGA BAY",-123.0480571,38.33325
"129","BODFISH",-118.4920303,35.588009
"130","BOLINAS",-122.6863733,37.9093702
"131","BOLINGBROOK",-88.0683955,41.6986416
"132","BONITA",-117.0352904,32.6583258
"133","BONNY DOON",-122.1505224,37.0416156
"134","BONSALL",-117.2255903,33.2889226
"135","BOONVILLE",-123.3671551,39.0089749
"136","BORON",7.016997,47.553456
"137","BORREGO SPGS",-116.375012,33.2558717
"138","BORREGO SPRINGS",-116.375012,33.2558717
"139","BOULDER CREEK",-122.1221869,37.1260578
"140","BOULEVARD",-77.4114418,37.2602611
"141","BOYES HOT SPG",NA,NA
"142","BOYES HOT SPRINGS",-122.4819253,38.3138029
"143","BRADBURY",-117.9708982,34.1469511
"144","BRADLEY",-87.8611535,41.1419768
"145","BRANSCOMB",-123.6255723,39.653491
"146","BRAWLEY",-115.530267,32.9786566
"147","BREA",-117.9000604,33.9166805
"148","BRENTWOOD",-86.7827772,36.0331164
"149","BRIDGEPORT",-73.1951767,41.1865478
"150","BRIDGEVILLE",-80.1100556,40.3561805
"151","BRIONES",-2.7845667,42.543695
"152","BRISBANE",153.0251235,-27.4697707
"153","BROADMOOR VLG",-122.4807659,37.6913628
"154","BROOKDALE",-80.8234248,33.50682
"155","BROOKLYN",-73.9441579,40.6781784
"156","BROOKS",-98.2212979,27.0273057
"157","BROWNS VALLEY",-121.4091297,39.2421139
"158","BROWNSVILLE",-97.4974838,25.9017472
"159","BUELLTON",-120.1926505,34.613597
"160","BUENA PARK",-117.9981181,33.8675143
"161","BURBANK",-118.3089661,34.1808392
"162","BURLINGAME",-122.34809,37.5778696
"163","BURNEY",-121.6608205,40.8823811
"164","BURNT RANCH",-123.4742085,40.8090268
"165","BUTTE CITY",-121.9910564,39.4632329
"166","BUTTE VALLEY",-121.5543062,39.6445906
"167","BUTTONWILLOW",-119.4695619,35.400517
"168","CA",-119.4179324,36.778261
"169","CABAZON",-116.7872399,33.9175154
"170","CADIZ",-6.2885962,36.5270612
"171","CALABASAS",-118.6614809,34.1367208
"172","CALEXICO",-115.4988834,32.6789476
"173","CALIENTE",-114.5119378,37.6149648
"174","CALIFORINA",-119.4179324,36.778261
"175","CALIFORNIA",-119.4179324,36.778261
"176","CALIFORNIA CITY",-117.9859038,35.125801
"177","CALIFORNIA HOT SPRINGS",-121.0375,41.1463899
"178","CALIMAESA",-117.0619755,34.0039039
"179","CALIMESA",-117.0619755,34.0039039
"180","CALIPATRIA",-115.5141538,33.1255957
"181","CALISTOGA",-122.5797054,38.5787965
"182","CALLAHAN",-81.8306621,30.5621807
"183","CALPELLA",-123.202542,39.233574
"184","CALPINE",-120.4396558,39.6662911
"185","CAMARILLO",-119.0376023,34.2163937
"186","CAMBRIA",-121.0807468,35.5641381
"187","CAMERON PARK",-120.9871643,38.6687929
"188","CAMINO",-120.6743853,38.738046
"189","CAMPBELL",-121.9499568,37.2871651
"190","CAMP CONNELL",-120.2782502,38.3093607
"191","CAMP MEEKER",-122.9594422,38.425192
"192","CAMPO",8.9184627,46.1530613
"193","CAMPTONVILLE",-121.048598,39.4521323
"194","CANBY",-122.6921006,45.2622655
"195","CANOGA PARK",-118.6058609,34.208254
"196","CANYON",-116.6865435,43.6779581
"197","CANYON CNTRY",-112.037814,33.6640397
"198","CANYON COUNTRY",-118.4720281,34.4233293
"199","CANYONDAM",-121.0727378,40.1718324
"200","CANYON LAKE",-98.2625127,29.8752177
"201","CAPISTRANO BE",NA,NA
"202","CAPISTRANO BEACH",-117.6690208,33.4596667
"203","CAPITOLA",-121.953293,36.9752283
"204","CAPO BEACH",9.3080571,41.6837859
"205","CARDIFF",-3.17909,51.481581
"206","CARDIFF BY THE SEA",-117.2788973,33.0208265
"207","CARLOTTA",-124.0606039,40.537357
"208","CARLSBAD",-117.3505939,33.1580933
"209","CARMEL",-121.9232879,36.5552386
"210","CARMEL BY THE",121.0698772,14.6962659
"211","CARMEL BY THE SEA",-121.9232879,36.5552386
"212","CARMEL VALLEY",-117.2029363,32.9398273
"213","CARMICHAE",-121.3282843,38.617127
"214","CARMICHAEL",-121.3282843,38.617127
"215","CARNELIAN BAY",-120.0818587,39.2268512
"216","CARPINTERIA",-119.5184564,34.3988838
"217","CARSON",-118.281693,33.8316745
"218","CARUTHERS",-119.8331965,36.5427271
"219","CASMAILIA",-120.5315174,34.8375116
"220","CASPAR",-123.8144752,39.3649223
"221","CASSEL",9.4797461,51.3127114
"222","CASTAIC",-118.6256552,34.4890363
"223","CASTELLA",10.3490014,49.7430385
"224","CASTRO CALLEY",-122.0863522,37.6940973
"225","CASTRO VALLEY",-122.0863522,37.6940973
"226","CASTROVILLE",-98.8786387,29.3557903
"227","CATHEDRAL CITY",-116.4668036,33.7805388
"228","CATHEDRAL CTY",-116.4668036,33.7805388
"229","CATHEYS VALLEY",-120.0985207,37.4319861
"230","CAYUCOS",-120.8921254,35.4427511
"231","CAZADERO",-123.0852853,38.5332335
"232","CEDAR GLEN",-93.2052635,40.608671
"233","CEDARPINES PARK",-117.3258786,34.2500062
"234","CEDAR RIDGE",-93.535237,40.6121696
"235","CEDARVILLE",-83.8085372,39.7442268
"236","CENTURY CITY",18.5136667,-33.8880429
"237","CERES",-61.9460573,-29.8817186
"238","CERRITOS",-118.0647871,33.8583483
"239","CHALFANT",-118.3634454,37.5293738
"240","CHATSWORTH",-84.7699385,34.7659145
"241","CHERRY HILLS VILLAGE",-104.9594253,39.6416544
"242","CHERRY VALLEY",-88.9489912,42.2347434
"243","CHESTER",-2.893075,53.193392
"244","CHICAGO PARK",-120.9670498,39.1452192
"245","CHICO",-121.8374777,39.7284944
"246","CHILCOOT",-120.1395949,39.7976716
"247","CHILL VISTA",-96.6226752,37.8158995
"248","CHINO",-117.688944,34.0122346
"249","CHINO HILLS",-117.7325848,33.9898188
"250","CHIRIACO SUMMIT",-115.7213795,33.6608533
"251","CHOWCHILLA",-120.2601754,37.1229997
"252","CHUALAR",-121.5185514,36.5705171
"253","CHULA VISTA",-117.0841955,32.6400541
"254","CITRUS HEIGHTS",-121.2810611,38.7071247
"255","CITRUS HTS",-121.2810611,38.7071247
"256","CITY OF INDUSTRY",-117.9586754,34.0197335
"257","CLAREMONT",-117.7197785,34.0966764
"258","CLARKSBURG",-80.3445341,39.2806451
"259","CLAYTON",-78.4563914,35.650711
"260","CLEARLAKE",-122.6263728,38.9582307
"261","CLEARLAKE OAKS",-122.6719304,39.0262841
"262","CLEARLAKE PARK",-122.6510961,38.966564
"263","CLEMENTS",-88.8489321,33.4586664
"264","CLIO",-83.7341274,43.1775256
"265","CLOVERDALE",-123.0172227,38.8054624
"266","CLOVIS",-103.2052272,34.4047987
"267","COACHELLA",-116.173894,33.6803003
"268","COALINGA",-120.3601496,36.139678
"269","COARSEGOLD",-119.7009834,37.2621686
"270","COBB",-90.3295686,42.9674934
"271","COHASSET",-70.8036544,42.2417675
"272","COLEVILLE",-119.5073942,38.5661947
"273","COLFAX",-120.9532759,39.1007298
"274","COLMA",-122.459695,37.6768779
"275","COLOMA",-120.8902916,38.7999214
"276","COLTON",-117.3136547,34.0739016
"277","COLUMBIA",-74.297333,4.570868
"278","COLUSA",-122.0094175,39.2143343
"279","COMMERCE",-94.2629687,35.0787629
"280","COMPTCHE",-123.5913484,39.2646413
"281","COMPTON",-118.2200712,33.8958492
"282","CONCORD",-122.0310733,37.9779776
"283","COOL",-121.016225,38.8880247
"284","COPPEROPOLIS",-120.6418716,37.9810358
"285","CORCORAN",-119.5604015,36.098007
"286","CORNING",-77.0546903,42.1428521
"287","CORONA",-117.5664384,33.8752935
"288","CORONA DEL MA",-117.6186769,33.8660981
"289","CORONA DEL MAR",-117.8730142,33.5978595
"290","CORONA DL MAR",-117.8730142,33.5978595
"291","CORONADO",-117.1830891,32.6858853
"292","CORRAL DE TIERRA",-121.7324476,36.5699605
"293","CORRALITOS",-121.8063418,36.988562
"294","CORTE MADERA",-122.5274755,37.9254806
"295","CORVALLIS DR.",-121.8540244,37.213063
"296","COSTA",9.1693356,42.1754786
"297","COSTA MEASA",-117.9186689,33.6411316
"298","COSTA MERA",-117.9186689,33.6411316
"299","COSTA MESA",-117.9186689,33.6411316
"300","COTATI",-122.7096666,38.3293416
"301","COTO DE CAZA",-117.5906715,33.5951048
"302","COTTONWOOD",-95.3102505,44.0488692
"303","COULTERVILLE",-120.1972129,37.7107484
"304","COURTLAND",-77.0680195,36.7162613
"305","COVELO",-8.3632834,42.2319488
"306","COVINA",-117.8903397,34.0900091
"307","COVINGTON ROAD",-91.7853517,42.0285019
"308","COWAN HEIGHTS",-117.774054,33.7779154
"309","CRESCENT CITY",-124.2025913,41.7557501
"310","CRESCENT MILLS",-71.9687827,45.361154
"311","CRESSEY",-120.666696,37.4210518
"312","CRESTLINE",-117.2855993,34.2419509
"313","CRESTON",-116.5135079,49.0955401
"314","CROCKETT",-95.4566136,31.3182359
"315","CROMBERG",-120.6916117,39.8601738
"316","CROWLEY LAKE",-118.7372922,37.6036872
"317","CROWS LANDING",-121.0720747,37.3937203
"318","CUDAHY",-87.861471,42.959738
"319","CULVER CITY",-118.3964665,34.0211224
"320","CUPERTINO",-122.0321823,37.3229978
"321","CURPERTIONIO",-122.0321823,37.3229978
"322","CUTTEN",-124.1428379,40.7698498
"323","CYPRESS",-118.0372852,33.8169599
"324","DALY CITY",-122.4702079,37.6879241
"325","DANA POINT",-117.6981075,33.4669721
"326","DANVILLE",-121.9999606,37.8215929
"327","DAVENPORT",-90.5776367,41.5236437
"328","DAVIS",-121.7405167,38.5449065
"329","DEER PARK",-107.4205362,37.0294163
"330","DEL AIRE",-106.5255735,31.6192234
"331","DELANO",-119.2470536,35.7688425
"332","DELHI",77.2090212,28.6139391
"333","DEL MAR",-91.7835217,18.6628117
"334","DEL REY",-106.6501374,34.7524962
"335","DEL REY OAKS",-121.8349515,36.5932934
"336","DEMAR",-83.1073555,42.640383
"337","DENAIR",-120.7968711,37.526323
"338","DESCANSO",-116.6158525,32.8528287
"339","DESERT HOT SPRINGS",-116.5016784,33.961124
"340","DESERT SHORES",-116.039724,33.4041996
"341","DIABLO",-121.9580149,37.8349258
"342","DIAMON",-72.3797593,40.903951
"343","DIAMOND BAR",-117.8103367,34.0286226
"344","DIAMOND SPRINGS",-120.8149355,38.6946259
"345","DIINUBA",-119.3870656,36.5432837
"346","DILLON BEACH",-122.9652768,38.2507515
"347","DINUBA",-119.3870656,36.5432837
"348","DISCOVERY BAY",-77.3984704,18.458202
"349","DIXON",-89.4795478,41.8389213
"350","DOBBINS",-121.2060694,39.3715576
"351","DOENEY",-118.1331593,33.9401088
"352","DORRIS",-121.91806,41.9673696
"353","DOS PALOS",-120.6265722,36.9860582
"354","DOUGLAS CITY",-122.9438195,40.6518023
"355","DOVE CANYON",-117.5704369,33.6385057
"356","DOWNEY",-118.1331593,33.9401088
"357","DOWNIEVILLE",-120.8276966,39.5595198
"358","DOYLE",-85.5124766,35.8531216
"359","DSRT HOT SPGS",-116.5016784,33.961124
"360","DUARTE",-117.9772873,34.1394513
"361","DUBLIN",-6.2603097,53.3498053
"362","DULZURA",-116.7814093,32.6442247
"363","DUNCANS MILLS",-123.0550013,38.453803
"364","DUNLAP",-85.3905209,35.3714575
"365","DUNNIGAN",-121.9695801,38.8852378
"366","DUNSMUIR",-122.2719529,41.2082089
"367","DURHAM",-78.898619,35.9940329
"368","DUTCH FLAT",-120.8378103,39.2059586
"369","EAGLE ROCK",-118.2117257,34.1322469
"370","EAGLEVILLE",-75.4082385,40.1595501
"371","EAST GARRISON",-121.7318256,36.6537207
"372","EAST LOS ANGELES",-118.1669736,34.0224417
"373","EAST PALO ALTO",-122.1410751,37.4688273
"374","EAST RANCHO DOMINGUEZ",-118.195348,33.8980711
"375","EASTVALE",-117.5848025,33.952463
"376","EDH",35.1705556,32.1594444
"377","EDWARDS",-100.439656,29.9282955
"378","ELCAJON",-116.9625269,32.7947731
"379","EL CAJON",-116.9625269,32.7947731
"380","EL CENTRO",-115.5630514,32.792
"381","EL CERRITO",-122.310765,37.9161326
"382","ELDEL RD",84.5350216,24.8473165
"383","EL DORADO",-92.6662674,33.20763
"384","EL DORADO HIL",-121.082167,38.6857367
"385","EL DORADO HILLS",-121.082167,38.6857367
"386","ELDORADO HILLS",-121.082167,38.6857367
"387","EL DORADO HLS",-121.082167,38.6857367
"388","EL GRANADA",-122.4694214,37.5027185
"389","ELIZABETH LAKE",-118.3973236,34.666072
"390","ELK",22.3646629,53.8280529
"391","ELK CREEK",-82.1111086,37.7194847
"392","ELKGROVE",-121.3716178,38.4087993
"393","ELK GROVE",-121.3716178,38.4087993
"394","EL MACERO",-121.6881918,38.5432875
"395","ELMIRA",-76.8077338,42.0897965
"396","EL MONTE",-118.0275667,34.0686206
"397","EL PORTAL",-119.7840609,37.6746514
"398","EL SEGUNDO",-118.4164652,33.9191799
"399","ELSINORE",-112.14826,38.6827482
"400","EL SOBRANTE",-122.2952474,37.9771452
"401","ELVERTA",-121.4566876,38.7218576
"402","EMERALD HILLS",-117.0764662,32.716163
"403","EMERYVILLE",-122.2852473,37.831316
"404","ENCINITAS",-117.2919818,33.0369867
"405","ENCINO",-118.5214282,34.1517492
"406","ENINITAS",-117.2919818,33.0369867
"407","ENREKA",-124.1636729,40.8020712
"408","ENWHITES",-88.6208799,33.6603954
"409","ESCALON",-120.9966033,37.7974273
"410","ESCONDIDO",-117.086421,33.1192068
"411","ESPARTO",-122.0171925,38.6921258
"412","ETNA",-79.9489413,40.5042354
"413","EUREKA",-124.1636729,40.8020712
"414","EXETER",-3.533899,50.718412
"415","FAIRFAX",-77.3063733,38.8462236
"416","FAIRFIELD",-122.0399663,38.2493581
"417","FAIR OAKS",-121.2721718,38.6446264
"418","FAIR PLAY",-93.5732585,37.6300394
"419","FALLBROOK",-117.2511466,33.3764196
"420","FALL RIVER MILLS",-121.4383139,41.0046076
"421","FARMINGTON",-108.2186856,36.7280583
"422","FAWNSKIN",-116.9425342,34.2680621
"423","FEATHER FALLS",-121.2744065,39.6429426
"424","FELTON",-122.0732973,37.0513374
"425","FERNDALE",-83.1346478,42.4605917
"426","FIDDLETOWN",-120.7565689,38.5039105
"427","FIELDS LANDING",-124.2163772,40.7249124
"428","FILLMORE",-118.918154,34.3991639
"429","FINLEY",-119.0338959,46.1540232
"430","FIREBAUGH",-120.4560072,36.8588376
"431","FLOURNOY",-122.4361082,39.920433
"432","FOLSOM",-121.1760583,38.6779591
"433","FONTANA",-117.435048,34.0922335
"434","FOOTHILL RANCH",-117.6664308,33.6831832
"435","FOREST FALLS",-116.9203046,34.0883449
"436","FORESTHILL",-120.8179891,39.0201768
"437","FOREST KNOLLS",-122.689598,38.014099
"438","FOREST RANCH",-121.6810778,39.873843
"439","FORESTVILLE",-69.087641,48.7391752
"440","FORKS OF SALMON",-123.3226085,41.2577185
"441","FORT BIDWELL",-120.15207,41.8605328
"442","FORT BRAGG",-79.0079949,35.1414552
"443","FORT DICK",-124.1489706,41.8678909
"444","FORT IRWIN",-116.6846351,35.2628402
"445","FORT JONES",-122.8403099,41.6076387
"446","FORTUNA",-124.1572756,40.5981867
"447","FOSTER CITY",-122.2710788,37.5585465
"448","FOTTHILL RANCH",-117.6664308,33.6831832
"449","FOUNTAIN VALL",-117.9536697,33.7091847
"450","FOUNTAIN VALLEY",-117.9536697,33.7091847
"451","FOUNTAIN VLY",-117.9536697,33.7091847
"452","FOWLER",-119.6784697,36.6305058
"453","FRAZIER PARK",-118.9448219,34.8227556
"454","FREEDOM",36.2314594,50.0053767
"455","FREESTONE",-122.9155516,38.3724152
"456","FREMONT",-121.9885719,37.5482697
"457","FRENCH GULCH",-122.6383512,40.7007031
"458","FRESNO",-119.7725868,36.7468422
"459","FRIANT",-119.7118118,36.9877274
"460","FT. JONES",-122.8403099,41.6076387
"461","FULLBROOK",-98.9004165,30.2312979
"462","FULLERTON",-117.9242966,33.8703596
"463","FULTON",-91.9479586,38.8467082
"464","GALT",-121.2999485,38.2546373
"465","GARBERVILLE",-123.79492,40.1000828
"466","GARDENA",-118.3089624,33.8883487
"467","GARDEN GROVE",-117.9414477,33.7739053
"468","GARDEN VALLEY",-9.4534744,52.0925992
"469","GASQUET",-123.969508,41.8454831
"470","GAZELLE",-122.5202995,41.5207015
"471","GEORGETOWN",100.3297612,5.414921
"472","GERBER",-111.1649708,47.4510718
"473","GEYSERVILLE",-122.9027647,38.7074755
"474","GILROY",-121.5682751,37.0057816
"475","GLENDALE",-118.255075,34.1425078
"476","GLENDORA",-117.865339,34.1361187
"477","GLEN ELLEN",-122.5241487,38.3640795
"478","GLENN",-122.0138651,39.5218283
"479","GLENNVILLE",-81.9284501,31.9365917
"480","GOLD RIVER",-121.2466156,38.6262937
"481","GOLETA",-119.8276389,34.4358294
"482","GONZALES",-90.9200987,30.2385294
"483","GORMAN",-118.8525956,34.7960902
"484","GRAEAGLE",-120.6185519,39.7662874
"485","GRANADA HILLS",-118.5021527,34.2793576
"486","GRAND TERRACE",-117.3136544,34.0339031
"487","GRANITE BAY",-121.1638361,38.7632345
"488","GRASSTON",-93.1491067,45.7946814
"489","GRASS VALLEY",-121.0610606,39.2190608
"490","GRATON",-122.8697158,38.4363022
"491","GREENBRAE",-122.5252604,37.9476326
"492","GREENFIELD",-72.5994104,42.587915
"493","GREEN VALLEY",-110.9937019,31.8542511
"494","GREEN VALLEY LAKE",-117.0772605,34.2408403
"495","GREENVIEW",-89.7381633,40.0831024
"496","GREENVILLE",-82.3940104,34.8526176
"497","GREENWOOD",-86.1066526,39.6136578
"498","GRENADA",-61.679,12.1165
"499","GRIDLEY",-121.6935833,39.3637773
"500","GRIMES",-93.7925199,41.6883646
"501","GRIZZLY FLATS",-120.5276331,38.6361156
"502","GROVELAND",-81.8511889,28.5580546
"503","GROVER BEACH",-120.6212821,35.1216424
"504","GUADALUPE",-100.2596935,25.6775595
"505","GUALALA",-123.5340084,38.7722996
"506","GUATAY",-116.5572471,32.8493753
"507","GUERNEVILLE",-122.9961102,38.5018575
"508","GUINDA",-122.1928955,38.8291965
"509","GUSTINE",-120.9988154,37.2577171
"510","HACIENDA HEIGHTS",-117.9686755,33.9930677
"511","HACIENDA HTS",-117.9686755,33.9930677
"512","HALCYON",-91.3829164,37.4764343
"513","HALF MOON BAY",-122.4285862,37.4635519
"514","HAMILTON",-79.8660914,43.2500208
"515","HAMILTON CITY",-79.8660914,43.2500208
"516","HAMMOND RANCH",-103.7354625,29.6668493
"517","HANFORD",-119.6456844,36.3274502
"518","HARBOR CITY",-118.2965084,33.7906551
"519","HAT CREEK",-121.5785957,40.9896059
"520","HATHAWAY PINES",-120.3654745,38.1918634
"521","HAVASU LAKE",-114.4138468,34.482234
"522","HAWAIIAN GARDENS",-118.0728424,33.8314045
"523","HAWAIIAN GDNS",-118.0728424,33.8314045
"524","HAWTHORNE",-118.3525748,33.9164032
"525","HAWYARD",-122.0807964,37.6688205
"526","HAYFORK",-123.1830839,40.5543106
"527","HAYWARD",-122.0807964,37.6688205
"528","HEALDSBURG",-122.8691609,38.6104658
"529","HELENDALE",-117.3257169,34.7402853
"530","HEMET",-116.9719684,33.7475203
"531","HENDERSON",-114.9817213,36.0395247
"532","HERALD",-121.2455569,38.2947578
"533","HERCULES",-122.2885808,38.0171441
"534","HERLONG",-120.1346535,40.1439386
"535","HERMOSA BEACH",-118.3995194,33.8622366
"536","HESPERIA",-117.3008784,34.4263886
"537","HICKMAN",-89.1861791,36.5711721
"538","HIDDEN HILLS",-118.6523096,34.1602832
"539","HIDDEN VALLEY LAKE",-122.5583155,38.8079573
"540","HIGHLAND",-4.2263955,57.4595749
"541","HILLSBOROUGH",-79.0997347,36.0754183
"542","HILMAR",-120.8504738,37.4040942
"543","HOLLISTER",-121.4016021,36.8524545
"544","HOLLYWOOD",-118.3286614,34.0928092
"545","HOLTVILLE",-115.3802643,32.8111612
"546","HOMELAND",-117.1091967,33.7430759
"547","HOMEWOOD",-86.8008228,33.4717732
"548","HONEYDEW",-124.1230133,40.2432341
"549","HOOPA",-123.6770485,41.0491723
"550","HOPE VALLEY",-1.690345,53.338876
"551","HOPLAND",-123.1163918,38.9729541
"552","HORNBROOK",-122.5558584,41.9101394
"553","HUGHSON",-120.8664811,37.6027244
"554","HUME",-77.9994406,38.8320582
"555","HUNTINGTN BCH",-117.9992265,33.660297
"556","HUNTINGTON BE",-82.445154,38.4192496
"557","HUNTINGTONBEACH",-117.9992265,33.660297
"558","HUNTINGTON BEACH",-117.9992265,33.660297
"559","HUNTINGTON PARK",-118.2250725,33.9816812
"560","HUNTINGTON PK",-118.2250725,33.9816812
"561","HUSBOROUGH",NA,NA
"562","HYAMPOM",-123.4525362,40.6173635
"563","HYDESVILLE",-124.097272,40.5476338
"564","IDYLLWILD",-116.7142835,33.7455547
"565","IGO",-122.5417998,40.5047642
"566","IMPERIAL",-80.2444658,40.4505165
"567","IMPERIAL BCH",-117.1130849,32.5839444
"568","IMPERIAL BEACH",-117.1130849,32.5839444
"569","INDEPENDENCE",-94.4155068,39.0911161
"570","INDIAN WELLS",-116.3407549,33.717631
"571","INDIO",-116.2155619,33.7205771
"572","INFO REQUESTED",NA,NA
"573","INGLEWOOD",-118.3531311,33.9616801
"574","INVERNESS",-4.224721,57.477773
"575","INYOKERN",-117.8125674,35.6468991
"576","IONE",-120.9327177,38.3526912
"577","IRIVINE",-117.7946942,33.6839473
"578","IRON",-113.1918021,37.7854715
"579","IRVINE",-117.7946942,33.6839473
"580","IRWINDALE",-117.9353413,34.1069527
"581","ISLA VISTA",-119.8609718,34.4133292
"582","JACKSON",-90.1848103,32.2987573
"583","JAMESTOWN",-79.2353259,42.0970023
"584","JAMUL",-116.8761347,32.7169988
"585","JANESVILLE",-89.0187222,42.6827885
"586","JENNER",-123.1151969,38.4497134
"587","JERUSALEM",35.21371,31.768319
"588","JOHANNESBURG",28.0473051,-26.2041028
"589","JOHNSON VALLEY",-116.6515869,34.4355955
"590","JOSHUA TREE",-116.3130661,34.134728
"591","JULIAN",-116.6019637,33.0786552
"592","JUNCTION CITY",-96.8313978,39.0286093
"593","JUNE LAKE",-119.0754232,37.7797825
"594","JURUPA VALLEY",-117.4854802,33.9971974
"595","KAGEL CANYON",-118.3760984,34.3005529
"596","KCNP",-102.4599124,41.0754189
"597","KEELER",-117.8739694,36.4871576
"598","KEENE",-72.2781409,42.933692
"599","KELSEY",-92.5993579,47.1538256
"600","KELSEYVILLE",-122.8394375,38.9779531
"601","KENSINGTON",-77.0763669,39.0256651
"602","KENTFIELD",-122.5571997,37.9521465
"603","KENWOOD",-84.3671619,39.2106145
"604","KERMAN",57.0833628,30.2839379
"605","KERNVILLE",-118.4253627,35.7546732
"606","KEYES",-120.9154858,37.5565994
"607","KING CITY",-121.1260287,36.2127439
"608","KINGS BEACH",-120.0265798,39.2376846
"609","KINGSBURG",-119.5540175,36.5138398
"610","KIRKWOOD",-90.406785,38.5833862
"611","KLAMATH",-124.0384069,41.5265092
"612","KNEELAND",-123.997726,40.7646602
"613","KNIGHTSEN",-121.6680084,37.9688117
"614","KNIGHTS LANDING",-121.7205738,38.7997029
"615","KORBEL",-123.9583922,40.8704078
"616","KPINGSBURG",-119.5540175,36.5138398
"617","LA",102.495496,19.85627
"618","L.A.",-118.2436849,34.0522342
"619","LACANADA",-118.2000277,34.2068182
"620","LA CANADA",-118.2000277,34.2068182
"621","LA CANADA FLINTRID",-118.2000277,34.2068182
"622","LACANADA FLINTRIDG",-118.2000277,34.2068182
"623","LA CANADA FLINTRIDGE",-118.2000277,34.2068182
"624","LACANADA FLINTRIDGE",-118.2000277,34.2068182
"625","LA CANADA FLT",-118.2000277,34.2068182
"626","LACRESCENTA",-118.2351192,34.228754
"627","LA CRESCENTA",-118.2351192,34.228754
"628","LADERA RANCH",-117.6411717,33.550735
"629","LAFAYETTE",-92.0198427,30.2240897
"630","LA FAYETTE",-86.8752869,40.4167022
"631","LAGRANGE",-85.0322444,33.0362218
"632","LA GRANGE",-87.8692254,41.8050314
"633","LAGUNA BEACH",-117.7831104,33.5422475
"634","LAGUNA HILLS",-117.6962824,33.590277
"635","LAGUNA NIGUEL",-117.7075526,33.5225261
"636","LAGUNA WOODS",-117.7253305,33.6103009
"637","LAGUNITAS",-122.7022085,38.0113119
"638","LAHABRA",-117.9461734,33.9319578
"639","LA HABRA",-117.9461734,33.9319578
"640","LA HABRA HEIG",-117.9461734,33.9319578
"641","LA HABRA HEIGHTS",-117.9506186,33.9608461
"642","LAHABRA HEIGHTS",-117.9506186,33.9608461
"643","LAHONDA",-122.274227,37.3190255
"644","LA HONDA",-122.274227,37.3190255
"645","LAJOLLA",-117.2712717,32.8328112
"646","LA JOLLA",-117.2712717,32.8328112
"647","LAKE ALMANOR",-121.1824925,40.2614512
"648","LAKE ARROWHEAD",-117.1892078,34.2483396
"649","LAKE BALBOA",-118.5010942,34.2010832
"650","LAKE CITY",-82.6392899,30.1896756
"651","LAKE ELSINORE",-117.3272615,33.6680772
"652","LAKE FOREST",-117.689218,33.6469661
"653","LAKEHEAD",-122.3791777,40.90515
"654","LAKE HUGHES",-118.4525466,34.6773324
"655","LAKE ISABELLA",-118.4338345,35.6691264
"656","LAKEPORT",-122.9158293,39.0429506
"657","LAKE SHERWOOD",-118.857829,34.1402713
"658","LAKESIDE",-109.9603843,34.1425438
"659","LAKE VIEW TER",169.2731056,-44.6109085
"660","LAKE VIEW TERRACE",-118.3611912,34.2763908
"661","LAKEWOOD",-105.0813734,39.7047095
"662","LAMESA",-101.950992,32.7376001
"663","LA MESA",-117.0230839,32.7678287
"664","LAMIRADA",-118.0120086,33.9172357
"665","LA MIRADA",-118.0120086,33.9172357
"666","LAMONT",-112.7795395,53.7601979
"667","LANCASTER",-76.3055144,40.0378755
"668","LANDERS",-116.3930703,34.266114
"669","LANTHROP",-121.27661,37.8227046
"670","LAPALMA",2.6501603,39.5696005
"671","LA PALMA",2.6501603,39.5696005
"672","LA PUENTE",-117.9495083,34.0200114
"673","LAQUINTA",-85.0157218,42.0263541
"674","LA QUINTA",-118.6171977,34.1533197
"675","LA QUINTQ",-98.2014646,26.1358092
"676","LARKSPUR",-122.5352539,37.9340915
"677","LA SELVA BEACH",-121.8646774,36.9366186
"678","LAS FLORES",-59.0992986,-36.0141576
"679","LATHROP",-121.27661,37.8227046
"680","LATON",-119.686799,36.4332835
"681","LAUNA BEACH",-117.7831104,33.5422475
"682","LAUNA NIGUEL",-117.7075526,33.5225261
"683","LAVERNE",-99.8934612,36.7097549
"684","LA VERNE",-117.7678355,34.1008426
"685","LAWNDALE",-118.3525744,33.887237
"686","LAYTONVILLE",-123.4827942,39.6882116
"687","LEBEC",-118.8648189,34.8416435
"688","LEETON",146.4,-34.566667
"689","LEE VINING",-119.119943,37.957592
"690","LEGGETT",-123.7148275,39.8654841
"691","LE GRAND",-120.2482336,37.228554
"692","LEMON COVE",-119.0314451,36.3748689
"693","LEMON GROVE",-117.0314172,32.7425516
"694","LEMOORE",-119.7829107,36.3007835
"695","LEONA VALLEY",-118.288133,34.618321
"696","LEUCADIA",-117.3033709,33.0680967
"697","LEWISTON",-70.2147764,44.100351
"698","LINCOLN",-96.6851982,40.8257625
"699","LINDEN",-104.6502951,37.4055674
"700","LINDSAY",-119.08816,36.2030064
"701","LIREBAUGH",-96.9197793,31.4793871
"702","LISTOWEL ONTARIO C",-80.9514698,43.7334165
"703","LITCHFIELD",-89.6542579,39.1753256
"704","LITTLERIVER",-123.7899217,39.2717465
"705","LITTLE RIVER",-78.6141798,33.8732279
"706","LITTLEROCK",-117.9836793,34.521104
"707","LIVE OAK",-98.3364025,29.5652286
"708","LIVERMORE",-121.7680088,37.6818745
"709","LIVINGSTON",-3.518068,55.900708
"710","LKAKEWOOD",-105.0813734,39.7047095
"711","LK ARROWHEAD",-117.1892078,34.2483396
"712","LLANO",-98.6750379,30.7593452
"713","LOCKEFORD",-121.1499447,38.1635297
"714","LOCKWOOD",-108.414855,45.8191203
"715","LODI",9.503716,45.3097228
"716","LOLETA",-124.2263437,40.6411002
"717","LOMA LINDA",-117.2611527,34.0483474
"718","LOMA MAR",-122.3085815,37.2710544
"719","LOMITA",-118.3150722,33.7922392
"720","LOMPOC",-120.4579409,34.6391501
"721","LONA LINDA",-117.2611527,34.0483474
"722","LONE PINE",-118.0628654,36.6060444
"723","LONG BEACH",-118.1937395,33.7700504
"724","LOOMIS",-121.1930041,38.8212889
"725","LOS ALAMITOS",-118.0725641,33.8030716
"726","LOS ALAMOS",-106.3031138,35.8800364
"727","LOS ALTOS",-122.1141298,37.3852183
"728","LOS ALTOS HILLS",-122.1374637,37.3796627
"729","LOS ALTOS HLS",-122.1374637,37.3796627
"730","LOS ANGELES",-118.2436849,34.0522342
"731","LOS  ANGELES",-118.2436849,34.0522342
"732","LOS ANGELES, CA",-118.2436849,34.0522342
"733","LOS ANGLES",-118.2436849,34.0522342
"734","LOS BANOS",-120.8499151,37.0582786
"735","LOS GATOS",-121.9623751,37.2358078
"736","LOS MOLINOS",-4.0757151,40.7102684
"737","LOS OLIVOS",-120.1150067,34.6677172
"738","LOS OSOS",-120.8310244,35.3225075
"739","LOST ANGELES",-118.2436849,34.0522342
"740","LOTUS",34.5789734,31.6502128
"741","LOWER LAKE",-122.6102614,38.9104546
"742","LOYALTON",-120.2410385,39.6762936
"743","LUCERNE",8.3093072,47.0501682
"744","LUCERNE VALLEY",-116.9676823,34.4437599
"745","LYNWOOD",-118.2114603,33.930293
"746","LYTLE CREEK",-117.5000512,34.2591728
"747","M",-92.4888536,44.869788
"748","MACDOEL",-122.0052851,41.8268154
"749","MADELINE",-120.4760057,41.051696
"750","MADERA",9.6193474,47.3492987
"751","MAD RIVER",-123.5042945,40.4516036
"752","MAGALIA",-121.5783059,39.8121058
"753","MAILBU",-118.7797571,34.0259216
"754","MALIBU",-118.7797571,34.0259216
"755","MAMMOTH LAKES",-118.972079,37.648546
"756","MANCHESTER",-2.2426305,53.4807593
"757","MANHATTAN BCH",-118.4109089,33.8847361
"758","MANHATTAN BEACH",-118.4109089,33.8847361
"759","MANTARA",-75.0174133,-12.1205837
"760","MANTECA",-121.2160526,37.7974273
"761","MANTON",-85.3989439,44.4108396
"762","MARCH AIR RESERVE BASE",-117.2617329,33.890884
"763","MARCH ARB",-117.2617329,33.890884
"764","MARE ISLAND",-122.2724704,38.0954755
"765","MARICOPA",-112.0476423,33.0581063
"766","MARINA",0.5514941,50.8507729
"767","MARINA DEL RAY",-118.4517449,33.9802893
"768","MARINA DEL REY",-118.4517449,33.9802893
"769","MARINA DL REY",-118.4517449,33.9802893
"770","MARIPOSA",-119.9662843,37.4849377
"771","MARKLEEVILLE",-119.7796826,38.6937227
"772","MARSHALL",-86.3376761,34.3652297
"773","MARTINEZ",-122.1341321,38.0193657
"774","MARYSVILLE",145.7474205,-37.5083939
"775","MATHER",-119.8555567,37.8824205
"776","MAXWELL",-97.7933357,29.8810542
"777","MAYWOOD",-87.8431155,41.8791979
"778","MCARTHUR",-82.4784898,39.2464596
"779","MCCLELLAN",-121.390048,38.6733377
"780","MCCLOUD",-122.1394487,41.2557119
"781","MCFARLAND",-119.2292748,35.6780104
"782","MC FARLAND",-119.2292748,35.6780104
"783","MCKINLEYVILLE",-124.1006205,40.9465152
"784","MEADOW VISTA",-121.0218887,39.0010079
"785","MECCA",39.8579118,21.3890824
"786","MENDOCINO",-123.7994591,39.3076744
"787","MENDOTA",-89.1175851,41.5472547
"788","MENIFEE",-117.185294,33.6971468
"789","MENLO PARK",-122.1817252,37.4529598
"790","MENTONE",7.49754,43.774481
"791","MERCED",-120.4829677,37.3021632
"792","MERIDIAN",-116.3915131,43.6121087
"793","MERLO PARK",-60.3113834,-36.8824561
"794","MIDDLETOWN",-72.6506488,41.5623209
"795","MIDPINES",-119.9204507,37.5443798
"796","MIDWAY CITY",-117.9863236,33.7446861
"797","MILFORD",-73.064036,41.2306979
"798","MILLBRAE",-122.3871942,37.5985468
"799","MILL VALLEY",-122.5449763,37.9060368
"800","MILL VALLEY,",-122.5449763,37.9060368
"801","MILLVILLE",-75.0393438,39.4020596
"802","MILPITAS",-121.8995741,37.4323341
"803","MINERAL",-77.9086068,38.010695
"804","MIRA LOMA",-117.5159449,33.9845417
"805","MIRAMONTE",-119.05186,36.6923325
"806","MIRANDA",-66.4271499,10.2509303
"807","MISSION",-98.3252932,26.2159066
"808","MISSION HILLS",-118.4688776,34.2722582
"809","MISSION VIEJO",-117.6719953,33.6000232
"810","MI WUK VILLAGE",-120.1849105,38.065755
"811","MODESTO",-120.9968782,37.6390972
"812","MOFFETT FIELD",-75.1630168,19.9170227
"813","MOJAVE",-118.1739645,35.0524699
"814","MOKELUMNE HILL",-120.7063219,38.3004709
"815","MOKELUMNE HL",-120.7063219,38.3004709
"816","MONARCH BEACH",-117.7183165,33.4812521
"817","MONEREY PARK",-118.1228476,34.0625106
"818","MONROVIA",-10.7605239,6.2907432
"819","MONTAGUE",-86.357013,43.4166772
"820","MONTARA",-122.5160892,37.5421617
"821","MONTCLAIR",-74.2090053,40.8259007
"822","MONTEBELLO",-74.9408715,45.6519493
"823","MONTECITO",-119.6320753,34.4366626
"824","MONTE NIDO",-118.6870309,34.0808401
"825","MONTEREY",-121.8946761,36.6002378
"826","MONTEREY PARK",-118.1228476,34.0625106
"827","MONTE RIO",-123.0088886,38.4654695
"828","MONTE SERENO",-121.992458,37.236333
"829","MONTGOMERY CREEK",-121.9236074,40.8415447
"830","MONTROSE",-2.466115,56.706922
"831","MOORPARK",-118.8820414,34.285558
"832","MORADA",-121.2457797,38.0385329
"833","MORAGA",-122.1296871,37.8349263
"834","*MORENO VALLEY",-117.2296717,33.9424658
"835","MORENO VALLEY",-117.2296717,33.9424658
"836","MORGAN HILL",-121.6543901,37.1305012
"837","MORONGO VALLEY",-116.5808472,34.0469549
"838","MORONGO VLY",-116.5808472,34.0469549
"839","MORRO BAY",-120.8499924,35.3659445
"840","MOSS BEACH",-122.5133117,37.5274401
"841","MOSS LANDING",-121.7868953,36.8044003
"842","MOUNTAIN CENTER",-116.7254459,33.704948
"843","MOUNTAIN HOUSE",-121.5317027,37.7510255
"844","MOUNTAIN RANCH",-120.5407599,38.2282509
"845","MOUNTAIN VIEW",-122.0838511,37.3860517
"846","MOUNT AUKUM",-120.7262946,38.5569154
"847","MOUNT HAMILTON",-121.7301013,37.3491573
"848","MOUNT HERMON",35.8570262,33.4161617
"849","MOUNT LAGUNA",-98.3579625,29.9080618
"850","MOUNT SHASTA",-122.3105666,41.3098746
"851","MT BALDY",-117.6589752,34.2363809
"852","MTN HOUSE",-121.543234,37.7793901
"853","MTN RANCH",-120.5407599,38.2282509
"854","MT SHASTA",-122.3105666,41.3098746
"855","MT. SHASTA",-122.3105666,41.3098746
"856","MUIR BEACH",-122.5813667,37.8621493
"857","MURPHYS",142.0277717,-35.1382478
"858","MURRIETA",-117.2139232,33.5539143
"859","MYERS FLAT",-123.8700843,40.2664122
"860","NAPA",-122.286865,38.2975381
"861","NATIONAL CITY",-117.0991967,32.6781085
"862","NAVARRO",-1.6760691,42.6953909
"863","NEEDLES",-114.6141315,34.8480597
"864","NEVADA CITY",-121.0160594,39.2615606
"865","NEWARK",-74.1723667,40.735657
"866","NEWBERRY SPRINGS",-116.6889227,34.8286042
"867","NEWBURY PARK",-118.9100199,34.1841074
"868","NEWCASTLE",-1.61778,54.978252
"869","NEW CUYAMA",-119.6871779,34.94446
"870","NEWHALL",-118.5308652,34.3847198
"871","NEWMAN",-121.0207614,37.3138267
"872","NEWPOERT BEACH",-117.9289469,33.6189101
"873","NEW PORT BEACH",-117.9289469,33.6189101
"874","NEWPORT BEACH",-117.9289469,33.6189101
"875","NEWPORT BEACHG",-117.9289469,33.6189101
"876","NEW PORT COAST",-117.8369007,33.5973864
"877","NEWPORT COAST",-117.8369007,33.5973864
"878","NEW YORK",-74.0059413,40.7127837
"879","N HOLLYWOOD",-118.3812562,34.187044
"880","NICASIO",-122.6991484,38.0617095
"881","NICE",7.2619532,43.7101728
"882","NICOLAUS",-121.5781667,38.9042927
"883","NILAND",-115.5188756,33.2400366
"884","NIPOMO",-120.4759986,35.0427547
"885","NORCO",-117.548661,33.9311257
"886","NORTH EDWARDS",-117.8328431,35.0166405
"887","NORTH FORK",-82.7945518,36.3939567
"888","NORTH HIGHLANDS",-121.3721745,38.6857362
"889","NORTH HILLS",-73.6765187,40.7809343
"890","NORTH HOLLYWOOD",-118.3812562,34.187044
"891","NORTHRIDGE",-118.530123,34.2381251
"892","NORTH SAN JUAN",-121.1038655,39.3700973
"893","NORTH TUSTIN",-117.7901088,33.7635422
"894","NORWALK",-73.4081575,41.117744
"895","NOVATO",-122.5697032,38.1074198
"896","N SAN JUAN",-121.1038655,39.3700973
"897","NUEVO",-117.145866,33.801408
"898","NUNTINGTON BEACH",-117.9992265,33.660297
"899","OAKDALE",-120.8471545,37.7665947
"900","OAK GLEN",-116.9478045,34.0494574
"901","OAK HILLS",149.5947119,-33.0034564
"902","OAKHURST",-119.6493154,37.3279997
"903","OAKLAND",-122.2711137,37.8043637
"904","OAKLEY",-121.7124536,37.9974219
"905","OAK PARK",-87.7845025,41.8850317
"906","OAK RUN",-90.1451196,40.963371
"907","OAK VIEW",-119.3001134,34.399996
"908","OAKVILLE",-79.6876659,43.467517
"909","OCCIDENTAL",-122.9477131,38.4076501
"910","OCEANO",-120.612393,35.0988648
"911","OCEANSIDE",-117.3794834,33.1958696
"912","OEANSIDE",-117.3794834,33.1958696
"913","OJAI",-119.242889,34.4480495
"914","OKLAND",-122.2711137,37.8043637
"915","OLD STATION",132.885574,-23.987035
"916","OLEMA",-122.7880459,38.0407566
"917","OLIVEHURST",-121.5521858,39.0954484
"918","OLLIVEHURST",-121.5521858,39.0954484
"919","OLYMPIC VALLEY",-120.2357055,39.1969804
"920","ONTARIO",-117.6508876,34.0633443
"921","ORANGE",-117.8531119,33.7877944
"922","ORANGE COVE",-119.3137301,36.624394
"923","ORANGEVALE",-121.2257818,38.6785145
"924","ORCUTT",-120.4359966,34.8652574
"925","OREGON HOUSE",14.2889048,50.0560687
"926","ORICK",-124.0597992,41.2863689
"927","ORINDA",-122.1796888,37.8771476
"928","ORLAND",-122.1963748,39.7473803
"929","ORLANDO",-81.3792365,28.5383355
"930","ORLEANS",1.909251,47.902964
"931","ORO GRANDE",-117.3342743,34.598816
"932","OROSI",-83.8419989,9.7847161
"933","OROVILLE",-121.556359,39.5137752
"934","OTTAWA",-75.6971931,45.4215296
"935","OXNARD",-119.1770516,34.1975048
"936","PACHECO",-122.0752413,37.9835331
"937","PACIFICA",-122.4869194,37.6138253
"938","PACIFIC GROVE",-121.9166215,36.6177374
"939","PACIFIC PALISADES",-118.5155901,34.0356331
"940","PACIFIC PLSDS",-115.3243604,36.1850512
"941","PACOIMA",-118.4104684,34.2767691
"942","PAICINES",-121.2788708,36.7289127
"943","PALA",18.5711013,43.8118946
"944","PALCENTIA",-117.8703363,33.8722371
"945","PALERMO",13.3612671,38.1156879
"946","PALMDALE",-118.1164613,34.5794343
"947","PALM DESERT",-116.3744556,33.7222445
"948","PALM SPRINGS",-116.5452921,33.8302961
"949","PALO ALTO",-122.1430195,37.4418834
"950","PALO CEDRO",-122.2388916,40.5637631
"951","PALOMAR MOUNTAIN",-116.8355789,33.3633675
"952","PALOMAR MTN",-116.8355789,33.3633675
"953","PALOMAR PARK",-122.2644113,37.4816043
"954","PALOS VERDES",-118.3870173,33.7444613
"955","PALOS VERDES ESTAT",-118.3900737,33.8005714
"956","PALOS VERDES ESTATES",-118.3900737,33.8005714
"957","PALOS VERDES ESTS.",-118.3900737,33.8005714
"958","PALOS VERDES PENIN",-118.3492165,33.7683844
"959","PALOS VERDES PENINSULA",-118.3492165,33.7683844
"960","PALOS VERDES PENIS",NA,NA
"961","PALOS VERDES PMSL",NA,NA
"962","PANORAMA CITY",-118.442425,34.227617
"963","PARADISE",-115.1466648,36.0971945
"964","PARAMOUNT",-118.1597911,33.8894598
"965","PARIS VERDES ESTATES",2.3522219,48.856614
"966","PARKFIELD",-120.4326542,35.8996856
"967","PASADENA",-118.1445155,34.1477849
"968","PASO ROBLES",-120.6545022,35.6368759
"969","PATTERSON",-121.129656,37.4716001
"970","PAUMA VALLEY",-116.9814167,33.3033679
"971","PEARBLOSSOM",-117.9096804,34.5064141
"972","PEBBLE BEACH",-121.9485937,36.5725286
"973","PENNGROVE",-122.6664251,38.29975
"974","PENN VALLEY",-121.1910659,39.196005
"975","PENN VALLY",-121.1910659,39.196005
"976","PENRYN",-5.107088,50.169173
"977","PEREZ",-60.7731686,-32.9991405
"978","PERRIS",-117.2286478,33.7825194
"979","PESCADERO",-122.3830152,37.2551636
"980","PETALUMA",-122.6366524,38.232417
"981","PETROLIA",-82.1444338,42.8818379
"982","PHELAN",-117.5725628,34.426288
"983","PHILLIPS RANCH",-117.7842637,34.0362084
"984","PHILO",-123.4450093,39.0657324
"985","PIANO BEACH",9.0126457,42.6349953
"986","PICO RIVERA",-118.096735,33.9830688
"987","PIEDMONT",-82.4645714,34.7023389
"988","PIEDRA",-119.3820698,36.8102272
"989","PIERCY",-123.7950389,39.9660063
"990","PILOT HILL",-121.0141825,38.8344149
"991","PINECREST",-80.3070395,25.6622835
"992","PINEDALE",-109.8633501,42.8678809
"993","PINE GROVE",-84.8288863,30.5658986
"994","PINE MOUNTAIN CLUB",-119.1560394,34.8462176
"995","PINE VALLEY",149.0667471,-36.2399951
"996","PINOLE",-122.2988587,38.0043667
"997","PINON HILLS",-117.6467917,34.433237
"998","PIONEER",-120.5718719,38.4318551
"999","PIONEERTOWN",-116.4986445,34.1564418
"1000","PIRU",-118.7939824,34.4152743
"1001","PISMO BEACH",-120.6412827,35.1427533
"1002","PITTSBURG",-79.9958864,40.4406248
"1003","PIXLEY",-119.2917785,35.9685648
"1004","PLACENTIA",-117.8703363,33.8722371
"1005","PLACERVILLE",-120.798546,38.7296252
"1006","PLAYA DEL REY",-118.4422317,33.9564194
"1007","PLAYA VISTA",-118.4265872,33.9719826
"1008","PLEASANT GROVE",-111.73854,40.3641184
"1009","PLEASANT HILL",-122.0607963,37.9479786
"1010","PLEASANTON",-121.8746789,37.6624312
"1011","PLS VRDS PNSL",NA,NA
"1012","PLUMAS LAKE",-121.5580176,39.0207272
"1013","PLYA DEL RAY",-118.4422317,33.9564194
"1014","PLYMOUTH",-4.1426565,50.3754565
"1015","POINT ARENA",-123.6930726,38.908798
"1016","POINT REYES STATION",-122.8069356,38.0690894
"1017","POINT RICHMOND",-122.3890025,37.9236958
"1018","POLLOCK PINES",-120.5865935,38.7612923
"1019","POMONA",-117.7499909,34.055103
"1020","POPE VALLEY",-122.427757,38.6151837
"1021","PORT ANGELES",-123.4307413,48.118146
"1022","PORT COSTA",-122.1833005,38.0463097
"1023","PORTER RANCH",-118.5506158,34.2822134
"1024","PORTERVILLE",-119.0167679,36.06523
"1025","PORT HEUNEME",-119.1951074,34.1477829
"1026","PORT HUENEME",-119.1951074,34.1477829
"1027","PORTOLA",-120.4691034,39.8104567
"1028","PORTOLA VALLEY",-122.2352443,37.3841066
"1029","PORTOLA VALLY",-122.2352443,37.3841066
"1030","PORT RICHMOND",-74.1254641,40.6354914
"1031","POTRERO",-116.6130731,32.6047822
"1032","POTTER VALLEY",-123.113059,39.3221089
"1033","POWAY",-117.0358646,32.9628232
"1034","PRATHER",-119.5140236,37.0374497
"1035","PRINCETON",-74.6672226,40.3572976
"1036","PROBERTA",-122.1705478,40.0815453
"1037","PRUNEDALE",-121.6696689,36.7757907
"1038","PT REYES STA",-122.8069356,38.0690894
"1039","PT RICHMOND",-74.1254641,40.6354914
"1040","PT. RICHMOND",-74.1254641,40.6354914
"1041","PUTEAUX",2.23964,48.884748
"1042","PVE",-111.9320214,33.4224176
"1043","QUAIL VALLEY",-90.599238,38.6075454
"1044","QUARTZ HILL",-118.2181308,34.6452645
"1045","QUINCY",-71.0022705,42.2528772
"1046","RABCHO SANTA FE",-117.202813,33.020321
"1047","RACKERBY",-121.3413522,39.4396107
"1048","RAIL ROAD FLAT",-120.5121479,38.3432471
"1049","RAMONA",-116.8792553,33.0413604
"1050","RANCAMONGAHO CUC",NA,NA
"1051","RANCHITA",-116.5166835,33.2100397
"1052","RANCHO BELAGO",-117.2296717,33.9424658
"1053","RANCHO CORDOVA",-121.302728,38.5890723
"1054","RANCHO CUCAMONGA",-117.5931084,34.1063989
"1055","RANCHO DOMINGUEZ",-118.2289659,33.8862137
"1056","RANCHO MIRAGE",-116.41279,33.739744
"1057","RANCHO MISSION VIE",-117.6288156,33.5264704
"1058","RANCHO MISSION VIEJO",-117.6288156,33.5264704
"1059","RANCHO MURIETA",-121.0946669,38.5018527
"1060","RANCHO PALOS VERDE",-111.7874929,33.4198175
"1061","RANCHO PALOS VERDES",-118.3870173,33.7444613
"1062","RANCHO PARK",-118.4206915,34.0454302
"1063","RANCHO SANTA",-68.9016503,12.1546531
"1064","RANCHO SANTA FE",-117.202813,33.020321
"1065","RANCHO SANTA MARGA",-117.603104,33.640855
"1066","RANCHO SANTA MARGARITA",-117.603104,33.640855
"1067","RANCHO SANTE FE",-117.202813,33.020321
"1068","RANCH SANTA FE",-117.202813,33.020321
"1069","RAYMOND",-90.4225951,32.2593146
"1070","RCH CUCAMONGA",NA,NA
"1071","RCHO SANTA FE",-54.8807739,-16.2805417
"1072","RCH PALOS VRD",-118.3702854,33.7393168
"1073","RECHMOND",-77.4360481,37.5407246
"1074","RED BLUFF",-122.2358302,40.1784886
"1075","REDDING",-122.3916754,40.5865396
"1076","REDLANDS",-117.1825381,34.0555693
"1077","REDONDO BEACH",-118.3884078,33.8491816
"1078","REDONDO ZZZ BEACH",NA,NA
"1079","REDWAY",-123.8233635,40.1201443
"1080","REDWOOD CITY",-122.2363548,37.4852152
"1081","REDWOOD ESTATES",-121.9867705,37.1563939
"1082","REDWOOD VALLEY",-123.2041429,39.2652491
"1083","REDWOOD VLY",-123.2041429,39.2652491
"1084","REEDLEY",-119.4504029,36.5963395
"1085","RESCUE",-83.2667991,43.7146543
"1086","RESEDA",-118.5360517,34.2011141
"1087","RIALTO",-117.3703235,34.1064001
"1088","RICHMOND",-77.4360481,37.5407246
"1089","RIDGECREST",-117.6708966,35.6224561
"1090","RIMFOREST",-117.225666,34.2295496
"1091","RIO DELL",-124.1064369,40.4993013
"1092","RIO DEL MAR",-121.8847222,36.9597903
"1093","RIO LINDA",-121.4485654,38.6910138
"1094","RIO NIDO",-122.9769427,38.5210237
"1095","RIO OSO",-121.5436099,38.9572825
"1096","RIO VISTA",-121.6913439,38.1557502
"1097","RIPON",-1.5237756,54.1361346
"1098","RIRVINE",-117.7946942,33.6839473
"1099","RIVERBANK",-120.9354895,37.7360396
"1100","RIVERDALE",-84.4132594,33.5726113
"1101","RIVER PINES",-89.5472022,44.9181206
"1102","RIVERSIDE",-117.3961564,33.9533487
"1103","RLLNG HLS EST",-79.7026861,39.9291139
"1104","RNCHO CORDOVA",-121.302728,38.5890723
"1105","ROBBINS",-87.7036602,41.6439227
"1106","ROCKLIN",-121.2357828,38.7907339
"1107","RODEO",-122.2669138,38.032977
"1108","ROHNERT PARK",-122.7010984,38.3396367
"1109","ROLLING HILLS",-118.3539613,33.7569615
"1110","ROLLING HILLS ESTA",-85.6426345,30.9827141
"1111","ROLLING HILLS ESTATES",-118.3581284,33.7877943
"1112","ROMOLAND",-117.1750335,33.7458534
"1113","ROQUEFIXADE",1.754747,42.935725
"1114","ROSAMOND",-118.1634075,34.8641446
"1115","ROSEMEAD",-118.072846,34.0805651
"1116","ROSEVILLE",-121.2880059,38.7521235
"1117","ROSEWOOD",152.5928676,-27.6387496
"1118","ROSS",-82.9931607,39.3584253
"1119","ROSSMOOR",-122.0780632,37.8716558
"1120","ROUGH AND READY",-121.136075,39.2301507
"1121","ROUND MOUNTAIN",-117.0675843,38.7110428
"1122","ROWLAND HEIGHTS",-117.9053395,33.9761238
"1123","ROWLAND HGHTS",-117.9053395,33.9761238
"1124","ROYAL OAKS",-95.5720836,30.7294405
"1125","RPV",84.8085737,26.1803391
"1126","RSM",104.0764431,1.1035149
"1127","RUMSEY",-122.2374749,38.8882322
"1128","RUNNING SPRINGS",-117.1092049,34.2077859
"1129","RUTHERFORD",-74.1068091,40.826489
"1130","RYDE",-1.163282,50.729952
"1131","SACRAMENTO",-121.4943996,38.5815719
"1132","SA DIEGO",-117.1610838,32.715738
"1133","SAINT HELENA",-122.4703868,38.5052429
"1134","SALIDA",-105.9989022,38.5347193
"1135","SALINAD",-121.6555013,36.6777372
"1136","SALINAS",-121.6555013,36.6777372
"1137","SALTON CITY",-115.9561112,33.2986497
"1138","SALYER",-123.5827846,40.8917517
"1139","SAN ANDREAS",-119.844989,35.288333
"1140","SAN ANSELMO",-122.5616448,37.9746458
"1141","SAN ARDO",-120.9051826,36.0205207
"1142","SAN BERNARDIN",-117.2897652,34.1083449
"1143","SAN BERNARDINO",-117.2897652,34.1083449
"1144","SAN BRUNO",-122.4110835,37.6304904
"1145","SAN CARLOS",-71.9708343,-36.42615
"1146","SANCHO SANTA FE",-117.202813,33.020321
"1147","SAN CLEMENTE",-117.6119925,33.4269728
"1148","SANDIEGO",-117.1610838,32.715738
"1149","SAN DIEGO",-117.1610838,32.715738
"1150","SAN DIMAS",-117.8067257,34.1066756
"1151","SAN FARNCISCO",-122.4194155,37.7749295
"1152","SAN FERNANDO",-6.1965948,36.4718646
"1153","SAN FRANCISCO",-122.4194155,37.7749295
"1154","SAN FRANCISCOSAN FRANCISCO",-122.4194155,37.7749295
"1155","SAN FRANCSICO",-122.4194155,37.7749295
"1156","SAN FRANNCISCO",-122.4194155,37.7749295
"1157","SAN FRANSICO",-122.4194155,37.7749295
"1158","SAN GABRIEL",-118.1058333,34.0961111
"1159","SANGER",-119.5559652,36.708006
"1160","SAN GERONIMO",-122.6638731,38.0132562
"1161","SAN JACINTO",-116.958635,33.7839084
"1162","SAN JOAQUIN",-120.1890447,36.6066162
"1163","SANJOSE",-121.8863286,37.3382082
"1164","SAN JOSE",-121.8863286,37.3382082
"1165","SAN JOSE DEL CABO",-109.7024376,23.0636562
"1166","SAN JUAN BAUTISTA",-121.5379974,36.8455108
"1167","SAN JUAN CAPI",-117.6625509,33.5016932
"1168","SAN JUAN CAPISTRAN",-117.6625509,33.5016932
"1169","SAN JUAN CAPISTRANO",-117.6625509,33.5016932
"1170","SAN JUAN CAPO",-117.6625509,33.5016932
"1171","SAN LEANDRO",-122.1560768,37.7249296
"1172","SAN LORENZO",-75.6440161,44.5583146
"1173","SAN LUIS OBISPO",-120.6596156,35.2827524
"1174","SAN MARCOS",-97.9413941,29.8832749
"1175","SAN MARINO",12.457777,43.94236
"1176","SAN MARTIN",-63.052251,18.08255
"1177","SAN MATEO",-122.3255254,37.5629917
"1178","SAN MIGUEL",-117.1610838,32.715738
"1179","SAN PABLO",-122.3455263,37.9621457
"1180","SAN PEDRO",-59.6628664,-33.6757835
"1181","SAN QUENTIN",-122.484704,37.9413246
"1182","SAN RAFAEL",-68.3390622,-34.6128922
"1183","SAN RAFAEL.",-68.3390622,-34.6128922
"1184","SAN RAMON",-121.9780153,37.7799273
"1185","SAN SIMEON",-121.1907533,35.6438587
"1186","SANTA ANA",-117.8678338,33.7455731
"1187","SANTA AROSA",-122.7140548,38.440429
"1188","SANTA BARBARA",-119.6981901,34.4208305
"1189","SANTA BSRBARS",-119.6981901,34.4208305
"1190","SANTA CLARA",-121.9552356,37.3541079
"1191","SANTA CLARITA",-118.542586,34.3916641
"1192","SANTA CRUZ",-122.0307963,36.9741171
"1193","SANTA FE SPGS",-118.0853451,33.9472359
"1194","SANTA FE SPRINGS",-118.0853451,33.9472359
"1195","SANTA MARGARITA",3.1039678,39.7020092
"1196","SANTA MARIA",-120.4357191,34.9530337
"1197","SANTA MONICA",-118.4911912,34.0194543
"1198","SANTA PAULA",-119.0592705,34.3541659
"1199","SANTA ROSA",-122.7140548,38.440429
"1200","SANTA ROSA VALLEY",-75.3940383,10.4418094
"1201","SANTA ROSS",-122.7140548,38.440429
"1202","SANTA YNEZ",-120.079868,34.6144313
"1203","SANTA YSABEL",-116.673794,33.1091684
"1204","SANTEE",-116.9739167,32.8383828
"1205","SAN YSIDRO",-117.0470434,32.555556
"1206","SARATOGA",-73.6300729,43.0448483
"1207","SATATOGA",-73.6300729,43.0448483
"1208","SAUGUS",-71.0110473,42.4651421
"1209","SAUSALITO",-122.4852507,37.8590937
"1210","SAWN MARINO",12.457777,43.94236
"1211","SCOTIA",-4.2026458,56.4906712
"1212","SCOTTS VALLEY",-122.0146841,37.0510595
"1213","SCRAMENTO",-121.4943996,38.5815719
"1214","SEAL BEACH",-118.1047866,33.7414064
"1215","SEA RANCH",-123.4544532,38.7151899
"1216","SEASIDE",-121.822098,36.6149217
"1217","SEBASTOPOL",-122.8238806,38.4021359
"1218","SEELEY",-115.6911118,32.7931128
"1219","SEIAD VALLEY",-123.1925489,41.8404055
"1220","SELMA",-87.0211007,32.4073589
"1221","S EL MONTE",-118.0467339,34.0519548
"1222","SEPULVEDA",-3.7488649,41.2974412
"1223","SF",-122.4194155,37.7749295
"1224","SHADOW HILLS",-118.3549609,34.2575262
"1225","SHAFTER",-119.2717761,35.5005139
"1226","SHANDON",-120.3754325,35.6552464
"1227","SHASTA",-122.4907566,40.598119
"1228","SHASTA LAKE",-122.3708419,40.6804279
"1229","SHAVER LAKE",-119.3176258,37.104114
"1230","SHELL BEACH",-117.829372,33.581718
"1231","SHERMAN OAKS",-118.451357,34.1489719
"1232","SHERMAN VILLAGE",-118.4128332,34.1592613
"1233","SHERWOOD FORE",-101.3269546,48.4250054
"1234","SHERWOOD FOREST",-1.0860901,53.205875
"1235","SHERWOOD FRST",-76.5438518,39.0276108
"1236","SHINGLE SPRINGS",-120.9359987,38.6691362
"1237","SHINGLETOWN",-121.8891586,40.4923784
"1238","SHITTIER",NA,NA
"1239","SHNGLE SPRINGS",-120.9359987,38.6691362
"1240","SHOSHONE",-116.2711387,35.9730179
"1241","SIERRA CITY",-120.6340689,39.5664883
"1242","SIERRA MADRE",-118.0528456,34.1616729
"1243","SIERRAVILLE",-120.3669804,39.5895383
"1244","SIGNAL HILL",-118.1678456,33.8044614
"1245","SILVERADO",-117.6406523,33.7481369
"1246","SIMI VALLEY",-118.781482,34.2694474
"1247","SKYFOREST",-117.1794204,34.2353737
"1248","SKY VALLEY",-83.3332103,34.9875902
"1249","S LAKE TAHOE",-119.9771868,38.939926
"1250","SLOUGHHOUSE",-121.1945204,38.4956937
"1251","SMARTSVILLE",-121.2988335,39.2077473
"1252","SMITH RIVER",-111.2666805,47.0019258
"1253","SN BERNRDNO",NA,NA
"1254","SN DIEGO",-117.1610838,32.715738
"1255","SN LUIS OBISP",-120.6596156,35.2827524
"1256","SN MATEO",-122.3255254,37.5629917
"1257","SODA SPRINGS",-111.6046687,42.6543652
"1258","SOLANA BEACH",-117.2711481,32.991155
"1259","SOLEDAD",-74.799071,10.9170486
"1260","SOLVANG",-120.1376481,34.5958201
"1261","SOMERSET",-2.9262307,51.105097
"1262","SOMES BAR",-123.4761693,41.3762377
"1263","SOMIS",-118.9946323,34.2637508
"1264","SONOMA",-122.4580356,38.291859
"1265","SONORA",-110.3308814,29.2972247
"1266","SO PASADENA",-118.1445155,34.1477849
"1267","SOQUEL",-121.9566267,36.9880057
"1268","SO. SAN FRAN",-122.4194155,37.7749295
"1269","SO. SAN FRANCISCO",-122.4194155,37.7749295
"1270","SOULSBYVILLE",-120.2638005,37.9846467
"1271","SOUTH EL MONTE",-118.0467339,34.0519548
"1272","SOUTH GATE",-118.2120161,33.954737
"1273","SOUTH LAKE TAHOE",-119.9771868,38.939926
"1274","SOUTH PASADEN",-118.1503488,34.1161196
"1275","SOUTH PASADENA",-118.1503488,34.1161196
"1276","SOUTH SAN FRANCISC",-122.4077498,37.654656
"1277","SOUTH SAN FRANCISCO",-122.4077498,37.654656
"1278","SOUTH SAN GABRIEL",-118.0949198,34.0492126
"1279","SPANISH FLAT",-122.2249751,38.5351852
"1280","S PASADENA",-118.1503488,34.1161196
"1281","SPG VALLEY LK",81.0886358,6.9406944
"1282","SPRECKELS",-121.6461352,36.6250909
"1283","SPRECKES",-121.6461352,36.6250909
"1284","SPRING VALLEY",-115.2450006,36.1080258
"1285","SPRING VALLEY LAKE",-117.272552,34.494271
"1286","SPRINGVILLE",-111.6107526,40.1652335
"1287","SPRINGVILLE CA.",-118.8181495,36.1302265
"1288","SQUAW VALLEY",-120.2357055,39.1969804
"1289","S SAN FRAN",-122.4194155,37.7749295
"1290","SSN JOSE",-121.8863286,37.3382082
"1291","STANDARD",-83.0269925,42.4709461
"1292","STANFORD",-122.1660756,37.424106
"1293","STANTON",-117.9931165,33.8025155
"1294","STEVENSON RANCH",-118.5907538,34.3931105
"1295","STEVINSON",-120.8511291,37.3276719
"1296","STEWARTS POINT",-123.3988916,38.6524433
"1297","ST HELENA",-122.4703868,38.5052429
"1298","ST.HELENA",-122.4703868,38.5052429
"1299","ST. HELENA",-122.4703868,38.5052429
"1300","STINSON BEACH",-122.6444263,37.9004816
"1301","STIRLING CITY",-3.9369029,56.1165227
"1302","STOCKTON",-121.2907796,37.9577016
"1303","STOCKTON CA",-121.2907796,37.9577016
"1304","STONYFORD",-122.5445485,39.3750411
"1305","STRATFORD",-0.00187,51.54327
"1306","STRATHMORE",-113.4002873,51.0378523
"1307","STRAWBERRY",-122.508863,37.8968703
"1308","STREET",-117.0693286,46.3994763
"1309","STUDIO CITY",-118.3870991,34.1395597
"1310","SUGARLOAF",-76.1265896,41.0138953
"1311","SUISUN CITY",-122.040244,38.2382474
"1312","SULTANA",-121.8165095,47.8626013
"1313","SUMMERLAND",-119.5965173,34.4213845
"1314","SUN CITY",-112.2718239,33.5975393
"1315","SUNLAND",-118.2883622,34.2525787
"1316","SUNNY ISLES BEACH",-80.1233802,25.9428707
"1317","SUNNYVALE",-122.0363496,37.36883
"1318","SUNOL",-121.8885683,37.5943781
"1319","SUNSET BEACH",-78.512231,33.880728
"1320","SUN VALLEY",-114.3517172,43.6971294
"1321","SURFSIDE",-80.1256007,25.8784284
"1322","SUSANVILLE",-120.6530063,40.4162842
"1323","SUTTER",-121.7527482,39.1598915
"1324","SUTTER CREEK",-120.8024357,38.3929675
"1325","SWALL MEADOWS",-118.6417131,37.5083311
"1326","SYLMAR",-118.4571974,34.3058279
"1327","TAFT",-119.4565078,35.1424671
"1328","TAHOE CITY",-120.1762494,39.1446803
"1329","TAHOE VISTA",-120.0510249,39.2399068
"1330","TAHOMA",-120.1282439,39.0674074
"1331","TALMAGE",-123.167782,39.1332266
"1332","TARZANA",-118.5506158,34.1494848
"1333","TAYLORSVILLE",-111.9388258,40.6677248
"1334","TECATE",-116.6209871,32.5811734
"1335","TECOPA",-116.2264127,35.8482993
"1336","TEHACHAPI",-118.4489739,35.1321877
"1337","TEHAMA",-122.1233228,40.0271015
"1338","TEMECULA",-117.1483648,33.4936391
"1339","TEMESCAL VALLEY",-117.4872029,33.7666071
"1340","TEMPLE CITY",-118.0578456,34.1072305
"1341","TEMPLETON",-120.7060049,35.5496939
"1342","TERRA BELLA",-119.0442687,35.9624529
"1343","THE PRESIDIO",-122.4661937,37.7988737
"1344","THERMAL",-116.1422353,33.6402638
"1345","THE SEA RANCH",-123.4544532,38.7151899
"1346","THOUSAND OAKS",-118.8375937,34.1705609
"1347","THOUSAND PALMS",-116.3902887,33.8200183
"1348","THREE RIVERS",140.0388362,-20.0316345
"1349","TIBURON",-122.4566392,37.8735377
"1350","TIPTON",-2.066058,52.52625
"1351","TOLLHOUSE",-119.3991908,37.0190155
"1352","TOLUCA LAKE",-118.3549609,34.1501794
"1353","TOLUCA TERRACE",-118.3589046,34.1667984
"1354","TOMALES",-122.9055518,38.246307
"1355","TOPANGA",-118.6021321,34.0919452
"1356","TORONTO",-79.3831843,43.653226
"1357","TORRANCE",-118.3406288,33.8358492
"1358","TRABUCO",-66.933333,9.533333
"1359","TRABUCO CANYON",-117.5894923,33.6626092
"1360","TRABUCO CYN",-117.5894923,33.6626092
"1361","TRACY",-121.4252227,37.7396513
"1362","TRANQUILLITY",-120.2526596,36.648839
"1363","TRAVER",-119.4848471,36.4552287
"1364","TRAVIS AFB",-121.9398577,38.2721187
"1365","TRINIDAD",-104.5005407,37.1694632
"1366","TRINITY CENTER",-122.6997441,40.9832011
"1367","TRONA",-117.37309,35.7627371
"1368","TRUCKEE",-120.1832533,39.327962
"1369","TUCCA VALLEY",-116.432235,34.1141743
"1370","TUJUNGA",-118.2883622,34.2525787
"1371","TULARE",-119.3473379,36.2077288
"1372","TULELAKE",-121.4774916,41.9559884
"1373","TUOLUMNE",-120.2412999,37.9627027
"1374","TURLOCK",-120.8465941,37.4946568
"1375","TURTIN",1.2275259,48.907859
"1376","TUSTIN",-117.826166,33.7458511
"1377","TWAIN HARTE",-120.2295831,38.0385049
"1378","TWENTY NINE PALMS",-116.0541689,34.1355582
"1379","TWENTYNINE PALMS",-116.0541689,34.1355582
"1380","TWIN PEAKS",-117.2358006,34.2384241
"1381","UKIAH",-123.2077831,39.1501709
"1382","UNION CITY",-122.0438298,37.5933918
"1383","UNIVERSAL CITY",-98.2911235,29.5480071
"1384","UPLAND",-117.6483876,34.09751
"1385","UPPER LAKE",-122.9105515,39.1646129
"1386","VACAVILLE",-121.9877444,38.3565773
"1387","VALENCIA",-0.3762881,39.4699075
"1388","VALLEJO",-122.2566367,38.1040864
"1389","VALLEY CENTER",-117.0341967,33.2183701
"1390","VALLEY CENTER, CA",-117.0341967,33.2183701
"1391","VALLEY FORD",-117.2388685,47.535719
"1392","VALLEY GLEN",-118.4138149,34.186682
"1393","VALLEY SPRINGS",-120.8291033,38.1915856
"1394","VALLEY VILLAGE",-118.3841777,34.1633045
"1395","VALLEY VLG",-96.4652207,37.2877487
"1396","VAN NUYS",-118.451357,34.1898566
"1397","VENICE",12.3155151,45.4408474
"1398","VENICE BEACH",-122.449833,37.4799417
"1399","VENTURA",-119.2290316,34.274646
"1400","VERDUGO CITY",-118.2395194,34.2113936
"1401","VERNALIS",-121.2871623,37.6307636
"1402","VERNON",1.488107,49.091958
"1403","VICTOR",-109.8393409,34.3931508
"1404","VICTORVILLE",-117.2927641,34.5362184
"1405","VIEW PARK",-93.7355412,35.4474222
"1406","VILLA GRANDE",-98.5441552,29.4433585
"1407","VILLA PARK",-87.9889543,41.8897519
"1408","VINA",-122.0541313,39.9325521
"1409","VINEBURG",-122.4385905,38.2724151
"1410","VINEYARD",-1.2799333,51.6733094
"1411","VISALIA",-119.2920585,36.3302284
"1412","VISTA",-117.2425355,33.2000368
"1413","VOLCANO",-155.2328714,19.4424663
"1414","WALNUT",-93.617172,39.097283
"1415","WALNUT CREEK",-122.0651819,37.9100783
"1416","WALNUT GROVE",-122.5989854,45.6678949
"1417","WALNUT PARK",-118.2250723,33.9680703
"1418","WANONA",-69.9905148,41.2448741
"1419","WARNER SPRINGS",-116.6494394,33.2769753
"1420","WASCO",-119.3409457,35.5941238
"1421","WATERFORD",-7.1100703,52.2593197
"1422","WATSONVILLE",-121.7568946,36.910231
"1423","WATTS",-118.2380432,33.9386361
"1424","WEAVERVILLE",-122.9419708,40.7309778
"1425","WEED",-122.3861269,41.4226498
"1426","WEIMAR",11.3235439,50.9794934
"1427","WELDON",-77.5955331,36.427096
"1428","WESTCHESTER",-73.7948516,41.1220194
"1429","WEST COVINA",-117.9389526,34.0686208
"1430","WEST HILLS",-73.4210393,40.8273728
"1431","WEST HOLLYWOOD",-118.3617443,34.0900091
"1432","WESTLAKE",-81.9179173,41.4553232
"1433","WESTLAKE VILLAGE",-118.8073729,34.1466467
"1434","WESTLAKE VLG",-118.8073729,34.1466467
"1435","WEST LOS ANGELES",-118.442596,34.0412085
"1436","WEST MENLO PARK",-122.2030209,37.4335499
"1437","WESTMINSTER",-105.0372046,39.8366528
"1438","WEST POINT",-85.1328083,32.9641593
"1439","WESTPORT",-73.3579049,41.1414717
"1440","WEST SACRAMENTO",-121.530234,38.5804609
"1441","WEST TOLUCA LAKE",-118.3549609,34.1501794
"1442","WESTWOOD",-118.4455164,34.0635016
"1443","WHEATLAND",-104.9527501,42.0544141
"1444","WHITETHORN",-123.9430274,40.0236386
"1445","WHITEWATER",-88.7323272,42.8336205
"1446","WHITMORE",-121.9166612,40.629322
"1447","WHITTIER",-118.032844,33.9791793
"1448","W HOLLYWOOD",-118.3617443,34.0900091
"1449","WILDOMAR",-117.2800372,33.5989126
"1450","WILLIAMS",-103.2923954,48.432044
"1451","WILLITS",-123.3555656,39.4096079
"1452","WILLOW CREEK",-106.3566719,39.547372
"1453","WILLOWS",-122.1935931,39.5243265
"1454","WILMINGTON",-75.5397878,39.7390721
"1455","WILSEYVILLE",-120.5146478,38.3790793
"1456","WILTON",-73.4378988,41.1953739
"1457","WINCHESTER",-1.310142,51.059771
"1458","WINDSOR",-83.0363633,42.3149367
"1459","WINDSOR HILLS",-77.4308169,37.3029274
"1460","WINNETKA",-87.735895,42.1080834
"1461","WINTERHAVEN",-114.6346751,32.739491
"1462","WINTERS",-121.9708017,38.5249065
"1463","WINTON",143.0381,-22.3913
"1464","WITTER SPRINGS",-122.9854344,39.2046681
"1465","WOFFORD HEIGHTS",-118.4561967,35.7068961
"1466","WOODACRE",-122.645261,38.0127006
"1467","WOODBRIDGE",1.312571,52.095481
"1468","WOODLAKE",-119.0987176,36.4135605
"1469","WOODLAND",-86.0465636,37.8770875
"1470","WOODLAND HILLS",-118.6089752,34.165357
"1471","WOODLAND HLS",-85.5241264,38.2403485
"1472","WOODSIDE",-122.2538557,37.4299388
"1473","WOODY",-118.834259,35.7041199
"1474","WRIGHTWOOD",-117.6333884,34.3608341
"1475","W SACRAMENTO",-121.530234,38.5804609
"1476","YERMO",-116.838024,34.9067778
"1477","YORBA LINDA",-117.8131125,33.8886259
"1478","YORKVILLE",-79.39304,43.670749
"1479","YOSEMITE NATIONAL PARK",-119.5383294,37.8651011
"1480","YOU A CITY",113.345309,27.000227
"1481","YOUNTVILLE",-122.3608105,38.4015781
"1482","YREKA",-122.6344708,41.7354186
"1483","YUBA CITY",-121.6169108,39.1404477
"1484","YUBA CITY.",-121.6169108,39.1404477
"1485","YUCAIPA",-117.0430865,34.033625
"1486","YUCCA VALLEY",-116.432235,34.1141743
"1487","ZAMORA",-5.7467879,41.5034712
"1488","ZENIA",-123.4919716,40.2054245
